ExhibitionID,ExhTitle,BeginISODate,EndISODate
5,The Family 1976:  Richard Avedon's Photographs for Rolling Stone,1/22/1993,6/6/1993
6,The Spirit of Party:  Hamilton and Jefferson at Odds,9/11/1992,2/7/1993
7,1846:  Portrait of the Nation,4/12/1996,8/18/1996
8,A Decade of Print Collecting: The Highlights,3/1/1986,7/13/1986
9,A Glimmer of their own Beauty: Black Sounds of the 20s,6/15/1971,10/15/1971
10,A Knot of Dreamers: The Brook Farm Community 1841 - 1847,8/6/1976,9/19/1976
11,A Touch of the Poet:  Portraits from the Permanent Collection,12/1/1976,12/15/1976
13,Aaron Burr Acquitted,5/20/1977,10/30/1977
14,Abraham Lincoln:  The White House Years,4/24/1974,6/30/1974
15,"Abroad in America:  Visitors to the New Nation, 1776-1914",4/9/1976,1/30/1977
16,Adalbert Volck:  Fifth Column Artist,9/29/1978,5/20/1979
17,Afro-American History Week,2/10/1974,2/16/1974
18,Alice Stalknecht:  Portrait of a New England Town,10/15/1977,11/27/1977
19,American Art at the 1893 World's Fair,4/16/1993,8/15/1993
20,American Authors,4/8/1973,5/13/1973
21,American Colonial Portraits: 1700-1776,10/9/1987,1/10/1988
22,George Washington: An American Icon; The Eighteenth-Century Graphic Portraits,1/2/1982,NULL
23,American Portrait Drawings,5/1/1980,8/3/1980
24,American Portrait Prints:  A Survey,1/5/1979,1/5/1980
26,American Self-Portraits 1670 - 1973,2/2/1974,3/18/1974
27,Annie Leibovitz Photographs 1970-1990,4/19/1991,8/11/1991
28,Arnold Genthe:  The Celebrity Portraits,2/10/1984,3/25/1984
29,Arnold Newman's Americans,4/15/1992,8/16/1992
30,"Art and the Camera, 1900 - 1940:  Pictorialist Photographs from The National Portrait Gallery",6/10/1994,5/31/1997
31,Artists and Illustrators of the Civil War:  Conrad Wise Chapman and Winslow Homer,6/13/1977,9/5/1977
32,Artists and Models,1/1/1975,NULL
33,Artists by Themselves,2/10/1984,3/25/1984
34,"Artists on Paper:  Prints, Photographs, and Drawings from The National Portrait Gallery Collection",11/22/1985,2/16/1986
35,Auguste Edouart Silhouettes,11/14/1977,11/30/1978
36,Auguste Edouart Silhouettes (1840S Lounge Installation),3/1/1986,NULL
37,Augustus Saint-Gaudens: The Portrait Reliefs,11/3/1969,2/22/1970
38,"Baseball Immortals:  The Photographs of Charles Martin Conlon, 1905-1935",10/20/1984,5/27/1985
39,Benjamin West and His American Students,10/16/1980,1/4/1981
40,Bishop Neumann,6/19/1977,9/19/1977
41,Black Hawk and Keokuk:  Prairie Rivals,12/15/1978,6/3/1979
42,Blessed are the Peacemakers,9/3/1983,11/27/1983
43,Bret Harte,1/22/1981,7/21/1981
44,Brushes with the Literary:  Portraits by Washington Artist Marcella Comes Winslow,8/13/1993,12/5/1993
45,"Camera Portraits:  Photographs from the National Portrait Gallery, London 1839 - 1989",12/14/1990,2/18/1991
46,Carl Schurz:  America's Teutonic Reformer,1/3/1982,7/18/1982
47,Cecilia Beaux and the Art of Portraiture,10/6/1995,1/28/1996
48,Champions of American Sport,6/23/1981,9/20/1981
49,Champions on TIME,7/30/1988,1/28/1990
50,Charles Fenderich: The Washington Years,10/1/1969,11/4/1969
51,Charles Lindbergh,5/20/1977,6/26/1977
52,Charles Willson Peale,9/26/1975,10/13/1975
53,Charles Willson Peale and His World,10/29/1982,1/2/1983
54,Charles Willson Peale and the Challenge of Mezzotint Portraiture,7/24/1981,1/3/1982
55,Chester Alan Arthur:  From Spoilsman to Statesman 1871 - 1885,2/7/1979,2/28/1980
56,Christian Gullager:  Portrait Painter to Federal America,5/12/1976,9/5/1976
57,Collecting Portrait Prints:  Washington Print Club Biennial,12/17/1991,5/17/1992
58,Conflict at Dayton:  The Scopes Trial,7/10/1975,9/6/1975
59,Contemporary Self-portraits from the James Goode Collection,7/30/1993,12/5/1993
60,Davy Crockett:  Gentleman from the Cane,6/14/1986,9/14/1986
61,Dwight D. Eisenhower Centennial,10/13/1990,3/31/1991
63,Elisha Kent Kane,11/1/1969,2/1/1970
64,"Erastus Salisbury Field, 1805-1900",6/8/1984,9/4/1984
65,Eric Knight and Lassie,10/13/1990,1/27/1991
66,Facing the Light:  Historic American Portrait Daguerreotypes,9/22/1978,2/4/1979
67,FDR:  The Early Years,1/28/1982,7/27/1982
68,"Federal Profiles:  Saint-Memin in America, 1793-1814",12/2/1994,5/29/1995
69,"From Elizabeth I to Elizabeth II:  Master Drawings from The National Portrait Gallery, London",1/1/1994,5/24/1994
70,From Reliable Sources,11/8/1974,NULL
71,From Truman to Clinton:  Presidents on TIME,2/24/1995,7/21/1996
72,Gallant Harry of the West [Henry Clay],4/12/1977,1/2/1978
73,Gaston Lachaise:  Portrait Sculpture,11/22/1985,2/16/1986
74,Gertrude Vanderbilt Whitney:  Artist and Patron,7/8/1983,11/7/1983
75,Group Portrait:  The First American Avant-Garde,5/10/1991,10/27/1991
77,Harlow Shapley:  In Memoriam,12/26/1972,1/31/1973
78,Helen Keller and Anne Sullivan Macy,5/15/1978,10/8/1978
79,Henry Benbridge (1743 - 1812):  American Portrait Painter,4/1/1970,5/30/1970
80,Henry Thoreau,12/4/1972,NULL
81,"Heroes, Martyrs and Villains:  Printed Portraits from the Civil War",9/10/1982,4/3/1983
83,"Hollywood Portrait Photographers, 1921 - 1941",2/3/1983,3/20/1983
84,How Fleeting is Fame,1/2/1981,NULL
85,Howard Chandler Christy,1/4/1980,8/11/1980
86,Howard University:  Sixtieth Anniversary,9/21/1973,10/1/1973
87,Icons of Invention:  American Patent Models,5/4/1990,6/3/1990
88,If Elected II,7/4/1980,11/9/1980
91,In the Minds and Hearts of the People (1760 - 1774):  Prologue to Revolution,6/14/1974,11/17/1974
92,Instrument of the Lord:  Harriet Beecher Stowe,10/3/1977,4/30/1978
93,Interpretations of Notable Americans,3/30/1967,4/30/1967
94,Irving Penn Master Images,3/30/1990,8/19/1990
95,Is This Portrait of Thomas Sully?,12/22/1975,9/6/1976
96,Isamu Noguchi Portrait Sculpture,4/15/1989,8/20/1989
97,A Nineteenth Century Gallery of Distinguished Americans,2/22/1969,8/24/1969
98,James Weldon Johnson (1871 - 1938):  Lift Every Voice,6/10/1970,6/1/1971
99,Jay Gould:  Mephistopheles of Wall Street,7/21/1978,2/4/1979
100,Jo Davidson Portrait Sculpture,9/15/1978,NULL
101,John Brown:  Mad Man or Martyr,10/16/1974,11/16/1975
102,"John Frazee, Sculptor",4/25/1986,8/24/1986
103,John Muir,6/10/1970,10/15/1970
104,John Stevens and Sons:  A Family of Inventors,8/6/1982,1/20/1983
105,"Joseph Wright, American Artist, 1756 - 1793",2/15/1985,6/9/1985
106,Keep the Last Bullet for Yourself:  The Battle of Little Big Horn,6/25/1976,10/24/1976
107,The Life Portraits of John Quincy Adams,11/5/1970,1/3/1971
108,Like and Unlike:  Caricature Portraits by Henry Major and Herman Perlman,1/24/1987,9/7/1987
109,Lincoln and His Contemporaries:  Photographs by Mathew Brady from the NPG'S F. H. Meserve Collection,2/1/1991,7/12/1992
110,Look Homeward Angel:  Thomas Wolfe,10/3/1975,12/7/1975
111,Louis Armstrong: A Cultural Legacy,7/26/1996,10/27/1996
112,Magical Mixtures: Marisol Portrait Sculpture,4/5/1991,8/11/1991
113,Majestic in His Wrath:  The Life of Frederick Douglass,2/10/1995,11/19/1995
114,Mary McLeod Bethune,6/19/1971,6/30/1971
115,Masterpieces from Gripsholm Castle:  The Swedish National Portrait Collection,4/11/1988,7/10/1988
116,Masterpieces from Versailles:  Three Centuries of French Portraiture,11/11/1983,1/8/1984
117,Matthew C. Perry and the Japan Expedition of 1852 - 1855,1/12/1977,1/12/1978
118,Metropolitan Opera Centennial:  A Photographic Album,11/16/1984,1/13/1985
119,Miguel Covarrubias Caricatures,11/16/1984,1/13/1985
120,Noble Heritage:  Five Centuries of Portraits from the Hosokawa Family,7/24/1992,11/29/1992
121,Not the Model Boy:  Mark Twain,12/9/1976,5/1/1977
122,Notable Women from the Gallery's Collection,6/19/1972,9/14/1972
123,Nucleus for a National Collection,9/15/1965,11/14/1965
124,Official Photographs of the Carter Administration,9/25/1980,11/30/1980
125,Old Hickory:  A Life Sketch of Andrew Jackson,11/9/1990,1/13/1991
127,On the Air:  Pioneers of American Broadcasting,10/7/1988,1/2/1989
128,Peggy Bacon - Drawings,1/2/1980,1/5/1980
129,Photographic Treasures from the National Portrait Gallery Collection,3/30/1990,8/19/1990
130,Photographs of Theodore and Alice Roosevelt,1/1/1982,NULL
131,Points of View:  Single Subject/Multiple Artists,10/14/1994,2/20/1995
132,Portrait Prints:  The 20th Century Approach,12/11/1981,9/7/1982
133,Portraits by Brady:  Imperial Photographs from the Harvard College Library,4/25/1986,8/24/1986
134,Portraits by George Bellows,11/4/1981,1/3/1982
135,Portraits from the American Academy and Institute of Arts and Letters,5/29/1987,9/20/1987
136,Portraits from the New Deal,3/4/1983,8/21/1983
137,Portraits of American Newsmakers,5/23/1969,8/24/1969
138,Portraits of the American Law,10/13/1989,1/15/1990
139,Portraits of the American Stage 1771 - 1971,9/11/1971,10/31/1971
140,Portraits on a Page of History:  The Career of James Barton Longacre,4/9/1983,10/9/1983
141,Poster Portraits,3/27/1992,8/16/1992
142,President Monroe's Message,12/1/1973,6/1/1974
143,"Presidential Highlights (Coolidge, Pierce, Eisenhower, TR, Van Buren)",6/1/1976,NULL
144,"Presidential Highlights (Jackson, Grant, FDR, Tyler, Wilson)",10/10/1975,3/28/1976
145,Private Lives of Public Figures:  The Nineteenth-Century Family Print,9/6/1985,4/13/1986
146,Ralph Earl:  The Face of the Young Republic,11/1/1991,1/8/1992
147,Rebels:  Painters and Poets of the 1950s,1/26/1996,6/2/1996
148,Recent Acquisitions (October 1966),10/4/1966,11/28/1966
149,"Red, Hot & Blue:  A Salute to American Musicals",10/25/1996,7/6/1997
150,Reporting the War:  The Journalistic Coverage of World War II,4/22/1994,9/5/1994
151,"Return to Albion:  Americans in England, 1760-1940",4/20/1979,9/16/1979
152,Robert Cornelius:  Portraits from the Dawn of Photography,10/20/1983,1/22/1984
153,Robert Edge Pine:  A British Portrait Painter in America,11/1/1979,1/6/1980
154,Saint-Memin,12/18/1974,NULL
155,Sculpture Court 1970,1/1/1970,NULL
157,Selections from the Frederick Hill Meserve Collection,5/10/1982,NULL
158,Selections from the National Portrait Gallery Photograph Collection (March 1980),3/14/1980,7/31/1980
159,Stage Portraits: Photographs by Mathew Brady from the Frederick Hill Meserve Collection,5/29/1987,NULL
160,Studies from Life:  Portrait Photographs by Julia Margaret Cameron from the J. Paul Getty Museum,12/1/1987,2/7/1988
161,The Algonquin Round Table,1/1/1970,NULL
162,The American Presidency in Political Cartoons,10/15/1976,11/28/1976
163,The Americans:  The Democratic Experience,11/14/1975,9/6/1976
164,The Art of Henry Inman,4/2/1987,8/2/1987
165,The Artist's Mother:  Portraits and Homages,3/26/1988,6/5/1988
166,The Black Presence in the Era of the American Revolution 1770 - 1800,7/4/1973,12/30/1973
167,The Call:  The Early Years of the NAACP,2/12/1976,3/15/1976
168,The Code Duello in America,12/18/1980,4/19/1981
169,"The Coming of Age of American Music:  Ives, Gershwin, and Copland",8/20/1976,10/3/1976
171,The Eight,2/3/1983,6/26/1983
172,The Elephant in Political Cartoons,1/6/1972,1/7/1972
173,The First Federal Congress (1789 - 1791),3/2/1989,7/23/1989
175,"The Gentleman from Indiana:  Booth Tarkington, 1869 - 1946",7/6/1984,12/16/1984
176,The Godlike Black Dan:  Daniel Webster,6/4/1982,11/28/1982
177,The Great Crash,10/24/1979,4/20/1980
178,The Great War,1/9/1977,7/23/1978
179,The Guardianship of Memory,9/14/1985,1/13/1986
180,The Haptic Gallery (Images for the Blind),3/1/1979,NULL
181,The Instant Likeness:  Polaroid Portraits,8/27/1988,12/4/1988
182,The Lazzaroni:  Science & Scientists in Mid-19th Century America,12/1/1972,5/30/1973
183,The Levy-Franks Family Colonial Portraits,2/1/1992,5/31/1992
185,The Passionate Observer:  Photographs by Carl Van Vechten,6/16/1995,8/13/1995
186,"The President's Medal, 1789-1977",1/15/1977,6/26/1977
187,The Spirit of Fact:  The Daguerreotypes of Southworth and Hawes,7/8/1976,12/9/1976
188,The Telling Image:  Portrait Photographs from the Archives of American Art,1/22/1993,6/6/1993
189,The TIME of Our Lives,5/1/1978,1/1/1980
190,The Whiskey Rebels,6/15/1979,12/9/1979
191,They Have Made a Nation,5/11/1979,12/9/1979
192,This New Man: A Discourse in Portraits,10/7/1968,12/31/1968
193,"Thomas Alva Edison, 1847 - 1931",1/15/1970,4/17/1970
194,Thomas Paine:  A Hero Scorned,2/21/1985,8/11/1985
195,"Three Centuries of Education:  Noah Webster, William H. McGuffey, John Dewey",1/10/1974,1/11/1974
196,Through Light and Shadow: Photographs by Clara Sipprell,5/23/1986,11/30/1986
197,TIME and the Presidency,1/13/1984,7/28/1985
198,TIME Covers the War:  Personalities from World War II,12/7/1991,5/17/1992
199,TIME Room,1/1/1981,NULL
200,TIME: Art and Entertainment 1979,7/27/1979,NULL
201,TIME:  Man of the Year,1/1/1987,6/5/1988
202,To Color America:  Portraits by Winold Reiss,10/27/1989,4/1/1990
203,To the President:  Folk Portraits by the People,12/10/1993,9/5/1994
204,Translations:  Lithographs after Daguerreotypes,5/15/1979,7/29/1979
205,Twentieth-century Self-portraits from the National Portrait Gallery Collection,10/22/1993,2/13/1994
206,U.S. Grant:  The Man and the Image,7/23/1985,11/11/1985
207,"Vanderzee, Photographer (1886-1983)",10/22/1993,2/13/1994
208,"Variations:  Musicians in Caricature, 1920-1960",4/14/1984,9/16/1984
209,Waiting for the Hour:  The Emanicipation Proclamation,3/3/1980,2/3/1981
210,Washington from Banneker to Douglass:  (1791 - 1870),10/3/1971,12/31/1971
211,Washington in the 1840s,1/5/1978,1/1/1985
212,Washington in the New Era 1870 - 1970,2/14/1972,6/2/1972
213,Washington Irving,4/2/1983,9/25/1983
214,We Never Sleep:  The First Fifty Years of the Pinkertons,7/31/1981,1/8/1982
215,We Were But a Handful,8/26/1977,5/26/1978
216,Wedgwood Portraits and the American Revolution,7/13/1976,10/31/1976
217,White House Families:  Portraits from Life,2/15/1985,4/1/1985
218,Why Not a Woman?  Belva Ann Lockwood,8/21/1980,1/4/1981
219,William Cullen Bryant,6/12/1978,10/27/1978
220,William Edward West:  Kentucky Painter,4/12/1985,6/16/1985
221,William Glackens:  Portrait Presentation,1/31/1973,2/28/1973
222,Winston Churchill,11/17/1974,1/15/1975
223,Women on TIME,8/17/1985,12/14/1986
224,Working for TIME:  The Covers of Robert Vickrey,6/9/1990,11/4/1990
225,Zelda and Scott:  The Beautiful and Damned,6/5/1980,12/1/1980
235,"Mr. Sully, Portrait Painter",6/3/1983,9/5/1983
238,If Elected...: Unsuccessful Candidates for the Presidency 1796-1968,1/6/1972,1/11/1972
240,"In Pursuit of Fame: Rembrandt Peale, 1778-1860",11/6/1992,2/7/1993
317,"The Dye is Now Cast: The Road to American Independence, 1774-1776",4/19/1975,11/16/1975
318,American Portraiture in the Grand Manner: 1720-1920,3/19/1982,6/6/1982
425,Peace and Friendship: Indian Peace Medals in the United States,1/18/1985,4/21/1985
482,A Truthful Likeness:  Chester Harding and His Portraits,4/12/1985,9/2/1985
548,The Five of Hearts:  Henry Adams and His Washington Circle,6/9/1990,11/4/1990
549,In Pursuit of the Butterfly: Portraits of James McNeill Whistler,4/7/1995,8/13/1995
681,"Adventurous Pursuits:  Americans and the China Trade, 1784-1844",3/16/1984,9/30/1984
720,Recent Acquisitions (June 1993),1993-06,NULL
736,A Brush with History,1/26/2001,2/8/2004
738,Women of Our Time:  Twentieth-Century Photographs from the National Portrait Gallery,3/7/2003,1/2/2005
739,Portraits of the Presidents,10/6/2000,5/11/2003
748,Eye Contact:  Modern American Portrait Drawings from the National Portrait Gallery,5/25/2002,7/25/2004
750,"Americans: Paintings and Photographs from the National Portrait Gallery, Washington",10/10/2002,1/12/2003
752,Portrait of the Art World: A Century of ARTnews Photographs,9/27/2002,1/4/2004
753,American Women: A Selection from the National Portrait Gallery,6/7/2002,12/1/2002
757,Oliphant's Presidents:  Twenty-five Years of Caricature,4/6/1990,11/25/1990
760,American Women (Traveling Version),1/27/2004,7/10/2005
777,George Washington: A National Treasure,2/15/2002,8/22/2004
778,"Andy Warhol's Flash--November 22, 1963",9/13/1998,12/27/1998
779,Breaking Racial Barriers: African Americans in the Harmon Foundation,1/31/1997,1/4/1998
780,Celebrity Caricature in America,4/10/1998,8/23/1998
781,Drawings by Hugo Gellert,10/29/1999,1/9/2000
782,Drawings by Miriam Troop,8/19/1996,10/25/1996
783,Edith Wharton's World: Portraits of People and Places,9/27/1997,1/25/1998
784,Edward Sorel: Unauthorized Portraits,7/2/1999,1/9/2000
785,Ernest Hamlin Baker,8/26/1998,10/13/1998
786,Faces of Time: Seventy-Five Years of TIME Magazine Cover Portraits,9/9/1998,11/14/1999
787,George and Martha Washington: Portraits from the Presidential Years,2/19/1999,8/8/1999
788,George C. Marshall: Soldier of Peace,8/28/1998,1/1/2000
789,Gertrude Kasebier,7/8/1994,10/2/1994
790,Gilbert Stuart,10/19/2004,7/31/2005
791,Hans Namuth: Portraits,4/30/1999,1/6/2002
792,"Image of the Presidency: Photographs by George Tames, 1944-1974",8/30/1996,9/1/1997
793,Le Tumulte Noir: Paul Colin's Jazz Age Portfolio,1/31/1997,9/14/1997
794,Lithographs from Mathew Brady's Gallery of Illustrious Americans,5/1/1997,1/4/1998
795,"Matthew Brady's Portraits: Images as History, Photography as Art",9/26/1997,9/6/1998
796,Mid-Nineteenth Century Lithographs,6/1/1978,NULL
797,Modern American Portrait Drawings: Selections from the National Portrait Gallery,5/25/2002,9/21/2003
798,"O, Write My Name: American Portraits, Harlem Heroes",12/17/1983,6/24/1984
799,Paul Robeson: Artist and Citizen,1/29/1999,4/18/1999
800,Philippe Halsman: A Retrospective,11/6/1998,1/6/2002
801,Picturing Hemingway: A Writer in his Time,6/18/1999,1/9/2000
802,Selections from the National Portrait Gallery Photograph Collection (May 1971),5/1/1979,11/1/1979
803,Tete a Tete: Portraits by Henri Cartier-Bresson,10/29/1999,1/9/2000
804,The Deaf Way: Albert Newsam,7/7/1989,9/5/1989
805,The Family 1976: Richard Avedon's Photographs for Rolling Stone (Traveling Version),7/9/1995,12/29/1996
806,The Naturalists,12/1/1982,NULL
808,Then and Now: American Portraits of the Past Century from the National Portrait Gallery,12/18/1987,8/27/1988
809,Theodore Roosevelt: Icon of the American Century,3/19/1999,7/19/2000
810,Virginia Treasures from the National Portrait Gallery,12/8/2000,1/1/2003
811,Writers and Artists in America,2/9/1977,5/3/1978
813,"Image of the President: Photographs by George Tames, 1944-1974",8/30/1996,1/15/1998
814,Peace and Friendship: Indian Peace Medals from the Schermer Collection National Portrait Gallery,1/26/2001,6/3/2001
816,"A Durable Memento: Portraits by Augustus Washington, African American Daguerreotypist",9/24/1999,1/2/2000
817,Champions,7/1/2006,1/31/3000
818,Bravo!,7/1/2006,1/31/3000
819,Champions of American Sport from the National Portrait Gallery,1/1/2001,1/1/2002
820,The Presidency and The Cold War,7/1/2006,2/24/2008
821,Eye Contact: Modern American Portrait Drawings,7/1/2006,10/9/2006
840,American Origins,7/1/2006,1/1/3000
841,"One Life: Walt Whitman, a kosmos",7/1/2006,3/11/2007
842,Portraiture Now,7/1/2006,4/29/2007
843,America's Presidents,7/1/2006,2/26/2017
848,Gifts to the Nation,7/1/2006,6/3/2007
849,"Retratos: 2,000 Years of Latin American Portraits",12/3/2004,4/30/2006
850,Temple of Invention: History of a National Landmark,7/1/2006,1/21/2008
851,Americans Now (Part I),7/1/2006,4/23/2007
852,Jo Davidson: Biographer in Bronze,7/1/2006,1/1/3000
868,Outwin Boochever Portrait Competition 2006,7/1/2006,2/19/2007
872,Josephine Baker: Image and Icon,11/24/2006,3/18/2007
873,Portraiture Now: Framing Memory,5/25/2007,1/6/2008
874,Let Your Motto Be Resistance: African American Portraits,5/11/2007,6/1/2008
875,"Great Britons: Treasures from the National Portrait Gallery, London",4/27/2007,9/3/2007
876,New Arrivals,6/8/2007,3/16/2008
877,Portraits of Sandra Day O'Connor,3/30/2007,10/8/2007
878,Harry Benson: Being There,4/27/2007,9/3/2007
879,Americans Now (Part II),4/26/2007,1/8/2008
880,"Legacy: Spain and the United States in the Age of Independence, 1763-1848",9/27/2007,2/10/2008
881,RECOGNIZE! Hip-Hop and Contemporary Portraiture,2/8/2008,10/26/2008
882,"ONE LIFE: Kate, A Centennial Celebration",11/2/2007,9/28/2008
883,Inventing  Marcel Duchamp: The Dynamics of Portraiture,3/27/2009,8/2/2009
884,Zaida Ben-Yusuf: New York Portrait Photographer,4/11/2008,9/1/2008
885,Edward Steichen: Portraits,4/11/2008,9/1/2008
886,Ballyhoo! Posters as Portraiture,5/9/2008,2/8/2009
887,"Herblock's Presidents: ""Puncturing Pomposity""",5/2/2008,11/30/2008
888,New Arrivals (2008),3/21/2008,1/25/2009
889,One Life: The Mask of Lincoln,11/7/2008,7/5/2009
890,Franklin & His Friends: Portraying the Man of Science in Eighteenth-Century America,4/16/1999,9/6/1999
891,Calder's Portraits: A New Language,3/11/2011,8/14/2011
892,Reflections/Refractions: Self-Portraiture in the 20th Century,4/10/2009,8/16/2009
893,Women of Our Time: Twentieth-Century Photographs,10/10/2008,2/1/2009
894,Presidents in Waiting,1/20/2009,1/3/2010
895,Portraiture Now: Feature Photography,11/26/2008,9/27/2009
897,Faces of the Frontier:  Photographic Portraits from the American West 1845-1924,9/25/2009,1/2/2011
902,Tokens of Affection and Regard: Photographic Jewelry and Its Makers,10/24/2008,6/21/2009
903,2008 Presidential Scholars in the Arts: Visual and Literary Works,6/22/2008,7/13/2008
904,New Arrivals (January 2009),1/30/2009,11/15/2009
905,"One Life: Thomas Paine, The Radical Founding Father",8/7/2009,11/29/2009
907,Hide/Seek: Difference and Desire in American Portraiture,10/30/2010,2/13/2011
908,Outwin Boochever Portrait Competition (2009),10/23/2009,9/6/2010
909,Seeing Gertrude Stein: Five Stories,5/12/2011,1/22/2012
910,Selections from the National Portrait Gallery Photograph Collection (January 1981),1/30/1981,NULL
911,Selections from the National Portrait Gallery Photograph Collection (July 1982),7/9/1982,NULL
912,"O, Write My Name: American Portraits, Harlem Heroes (Traveling Version)",1/25/1986,3/9/1986
913,One Life: Echoes of Elvis,1/8/2010,8/29/2010
914,TIME: Art and Entertainment 1980,1980-02,NULL
915,Portraiture Now: Communities,11/6/2009,7/5/2010
916,Capital Portraits: Treasures from Washington Private Collections,4/8/2011,9/5/2011
917,New Arrivals (November 2009),11/20/2009,11/14/2010
918,From FDR to Obama: Presidents on Time,2/12/2010,9/26/2010
919,The Struggle for Justice,2/12/2010,1/1/3000
920,Glimpse of the Past: A Neighborhood Evolves,3/5/2010,9/25/2011
921,One Life: Katharine Graham,10/1/2010,5/30/2011
922,Elvis at 21,10/30/2010,1/23/2011
923,20th Century Americans: 1980 to the Present,5/28/2010,7/15/2012
924,20th Century Americans: 1950-1980,5/28/2010,7/22/2012
927,Americans Now (2010),8/20/2010,7/10/2011
928,The Death of Ellsworth,4/29/2011,3/18/2012
929,Recent Acquisitions (November 2010),11/19/2010,11/13/2011
930,1812: A Nation Emerges,6/15/2012,1/27/2013
931,One Life: Ronald Reagan,7/1/2011,5/28/2012
932,Portraiture Now: Asian American Portraits of Encounter,8/12/2011,9/22/2013
933,The Black List:  Photographs by Timothy Greenfield-Sanders,10/28/2011,4/22/2012
934,"Mementos:  Painted and Photographic Miniatures, 1750-1920",6/17/2011,5/13/2012
935,From Artists to Abolitionists:  Mid-Century Daguerreian Portraits,6/18/2010,6/5/2011
936,Daguerreotype Portraits:  Men of Merit,7/3/2009,6/6/2010
937,Daguerreian Highlights from the National Portrait Gallery's Collection,11/15/2007,10/5/2008
938,Collecting Daguerreotypes at the National Portrait Gallery:  1976-2006,7/1/2006,11/15/2007
939,Emancipation Proclamation,7/1/2006,8/27/2007
940,Lincoln's Cabinet,8/29/2007,4/4/2011
941,John F. Kennedy 50th Inauguration Anniversary,1/14/2011,1/8/2012
942,Special Installation: Charles Schultz Portrait Presentation,10/1/2010,3/25/2011
943,Juliette Gordon Low and 100 Years of Girl Scouts,1/13/2012,1/6/2013
944,Special Installation: Alice Waters Portrait Presentation,1/20/2012,11/28/2012
945,Special Installation Area #1,7/1/2006,8/2/2012
946,Recent Acquisitions (November 2011),11/18/2011,11/4/2012
947,One Life: Amelia Earhart,6/29/2012,5/27/2013
948,In Vibrant Color: Vintage Celebrity Portraits from the Harry Warnecke Studio,3/2/2012,1/12/2013
949,The Confederate Sketches of Adalbert Volck,3/30/2012,1/21/2013
950,A Will of Their Own:  Judith Sargent Murray and Women of Achievement in the Early Republic,4/20/2012,9/2/2013
952,The Meade Brothers: Pioneers in American Photography,6/14/2013,6/1/2014
954,20th Century Americans: 1930-1950,8/12/2011,1/1/3000
955,20th Century Americans: 1900-1930,8/27/2011,9/24/2012
956,Four Indian Kings,9/12/2008,1/25/2009
957,Meserve Corridor 1994,1994-08,NULL
958,Auguste Edouart and the American Silhouette Tradition,7/13/1995,7/31/1996
959,Edouart Literary Profiles,5/6/1994,NULL
960,Jo Davidson Portrait Sculpture 1989,12/16/1989,4/1/1999
961,American Cool,2/7/2014,9/7/2014
963,Poetic Likeness: Modern American Poets,10/12/2012,4/28/2013
964,National Portrait Gallery Director's Suite,1/1/1969,1/1/2000
965,Portraiture Now: Drawing on the Edge,11/16/2012,2/9/2014
966,Dancing the Dream,10/4/2013,7/13/2014
967,Ambrotypes from the National Portrait Gallery,5/25/2012,6/2/2013
969,Bound for Freedom's Light:  African Americans and the Civil War,2/1/2013,3/2/2014
970,Outwin Boochever Portrait Competition 2013,3/23/2013,2/23/2014
971,Mr. TIME:  Portraits by Boris Chaliapin,5/17/2013,1/5/2014
972,20th Century Americans:  1950 to 1990,7/27/2012,1/1/3000
973,20th Century Americans:  1990 to Present ,7/20/2012,1/1/3000
974,Recent Acquisitions - November 2012,11/9/2012,11/3/2013
975,20th Century Americans: 1900-1930 (re-installation 2012),9/28/2012,1/1/3000
976,"One Life: Martin Luther King, Jr.",6/28/2013,6/1/2014
977,Face Value: Portraiture in the Age of Abstraction,4/18/2014,1/11/2015
978,2016 Paper Rotations,8/15/2016,7/16/2018
979,Special Installation: Bill and Melinda Gates Portrait Presentation,5/17/2011,1/18/2012
980,Mr. Lincoln's Washington:  A Civil War Portfolio,12/13/2013,5/25/2015
981,Special Installation:  Colin Powell Portrait Presentation,12/2/2012,1/6/2014
982,Special Installation:  Barack Obama Tapestries,1/10/2013,4/14/2013
983,Grant and His Generals,4/18/2013,10/14/2013
984,"One Life:  Grant and Lee, 1864-1865",7/4/2014,5/25/2015
985,Teen Portrait Competition Winners,3/23/2013,2/23/2014
988,"Dark Fields of the Republic: Alexander Gardner Photographs, 1859 - 1872",9/18/2015,3/13/2016
989,Yousuf Karsh:  American Portraits (Installation 1),11/1/2013,4/27/2014
990,Yousuf Karsh:  American Portraits (Installation 2),5/2/2014,11/2/2014
991,Civil War Alcove Installation,3/14/2014,3/15/2014
992,Portraiture Now: Staging the Self,8/22/2014,4/12/2015
993,Time Covers the 1960s,9/26/2014,9/30/2015
994,Prelude to the Civil War,6/13/2014,6/7/2015
995,Eye Pop:  The Celebrity Gaze,5/22/2015,7/10/2016
996,Recent Acquisitions - November  2014,11/7/2014,10/28/2015
997,One Life:  Dolores Huerta,7/3/2015,5/15/2016
998,Elaine de Kooning: Portraits,3/13/2015,1/10/2016
999,Special Installation:  Morgan Freeman and Hank Aaron Portrait Presentation,1/9/2014,11/2/2014
1000,From Token to Ornament: Indian Peace Medals and the McKenney-Hall Portraits,6/19/2015,6/5/2016
1001,The Four Justices,10/25/2013,10/16/2016
1002,"Special Installation:  Out of Many, One",10/1/2014,10/31/2014
1003,Recognize - Installation 1,11/7/2014,1/4/2015
1004,One Life:  Babe Ruth,6/24/2016,5/21/2017
1005,One Life:  Sylvia Plath,6/30/2017,5/20/2018
1006,The Outwin 2016:  American Portraiture Today,3/12/2016,1/8/2017
1007,Recent Acquisitions 2015,11/6/2015,11/13/2016
1008,Hollywood and Time: Celebrity Covers,4/1/2016,9/11/2016
1009,Lincoln's Contemporaries,5/13/2016,5/12/2019
1010,Double Take,6/17/2016,6/4/2017
1011,America's Presidents (Temporary Installation),3/24/2017,9/4/2017
1012,The Sweat of their Face: Portraying American Workers,11/3/2017,9/3/2018
1015,In the Groove: Jazz Portraits by Herman Leonard,8/5/2016,2/20/2017
1016,"The Face of Battle: Americans at War, 9/11 to Now",4/7/2017,1/28/2018
1017,Bill Viola: The Moving Portrait,11/18/2016,5/7/2017
1018,Recent Acquisitions 2016,11/4/2016,11/12/2017
1019,Teen Portrait Competition 2016,3/12/2016,1/8/2017
